{
  "dataset_revision": "efa78cc2f74bbcd21eff2261f9e13aebe40b814e",
  "task_name": "MintakaRetrieval",
  "mteb_version": "1.38.54",
  "scores": {
    "test": [
      {
        "ndcg_at_1": 0.0396,
        "ndcg_at_3": 0.05932,
        "ndcg_at_5": 0.06709,
        "ndcg_at_10": 0.07715,
        "ndcg_at_20": 0.08236,
        "ndcg_at_100": 0.10401,
        "ndcg_at_1000": 0.17512,
        "map_at_1": 0.0396,
        "map_at_3": 0.05432,
        "map_at_5": 0.05861,
        "map_at_10": 0.06279,
        "map_at_20": 0.06422,
        "map_at_100": 0.06693,
        "map_at_1000": 0.06883,
        "recall_at_1": 0.0396,
        "recall_at_3": 0.07384,
        "recall_at_5": 0.09282,
        "recall_at_10": 0.12376,
        "recall_at_20": 0.14439,
        "recall_at_100": 0.26526,
        "recall_at_1000": 0.86964,
        "precision_at_1": 0.0396,
        "precision_at_3": 0.02461,
        "precision_at_5": 0.01856,
        "precision_at_10": 0.01238,
        "precision_at_20": 0.00722,
        "precision_at_100": 0.00265,
        "precision_at_1000": 0.00087,
        "mrr_at_1": 0.039604,
        "mrr_at_3": 0.054318,
        "mrr_at_5": 0.058608,
        "mrr_at_10": 0.062785,
        "mrr_at_20": 0.064219,
        "mrr_at_100": 0.066928,
        "mrr_at_1000": 0.068826,
        "nauc_ndcg_at_1_max": 0.245536,
        "nauc_ndcg_at_1_std": -0.199087,
        "nauc_ndcg_at_1_diff1": 0.362835,
        "nauc_ndcg_at_3_max": 0.202084,
        "nauc_ndcg_at_3_std": -0.188534,
        "nauc_ndcg_at_3_diff1": 0.25851,
        "nauc_ndcg_at_5_max": 0.231345,
        "nauc_ndcg_at_5_std": -0.175802,
        "nauc_ndcg_at_5_diff1": 0.243083,
        "nauc_ndcg_at_10_max": 0.227671,
        "nauc_ndcg_at_10_std": -0.171036,
        "nauc_ndcg_at_10_diff1": 0.220731,
        "nauc_ndcg_at_20_max": 0.211292,
        "nauc_ndcg_at_20_std": -0.167506,
        "nauc_ndcg_at_20_diff1": 0.205485,
        "nauc_ndcg_at_100_max": 0.174676,
        "nauc_ndcg_at_100_std": -0.151538,
        "nauc_ndcg_at_100_diff1": 0.179245,
        "nauc_ndcg_at_1000_max": 0.198034,
        "nauc_ndcg_at_1000_std": -0.134502,
        "nauc_ndcg_at_1000_diff1": 0.201048,
        "nauc_map_at_1_max": 0.245536,
        "nauc_map_at_1_std": -0.199087,
        "nauc_map_at_1_diff1": 0.362835,
        "nauc_map_at_3_max": 0.210306,
        "nauc_map_at_3_std": -0.18928,
        "nauc_map_at_3_diff1": 0.277851,
        "nauc_map_at_5_max": 0.227845,
        "nauc_map_at_5_std": -0.181403,
        "nauc_map_at_5_diff1": 0.266377,
        "nauc_map_at_10_max": 0.225987,
        "nauc_map_at_10_std": -0.178401,
        "nauc_map_at_10_diff1": 0.253379,
        "nauc_map_at_20_max": 0.220457,
        "nauc_map_at_20_std": -0.1775,
        "nauc_map_at_20_diff1": 0.247732,
        "nauc_map_at_100_max": 0.213605,
        "nauc_map_at_100_std": -0.174546,
        "nauc_map_at_100_diff1": 0.242358,
        "nauc_map_at_1000_max": 0.21409,
        "nauc_map_at_1000_std": -0.173242,
        "nauc_map_at_1000_diff1": 0.242887,
        "nauc_recall_at_1_max": 0.245536,
        "nauc_recall_at_1_std": -0.199087,
        "nauc_recall_at_1_diff1": 0.362835,
        "nauc_recall_at_3_max": 0.184453,
        "nauc_recall_at_3_std": -0.187288,
        "nauc_recall_at_3_diff1": 0.21715,
        "nauc_recall_at_5_max": 0.240577,
        "nauc_recall_at_5_std": -0.164506,
        "nauc_recall_at_5_diff1": 0.199211,
        "nauc_recall_at_10_max": 0.232052,
        "nauc_recall_at_10_std": -0.158201,
        "nauc_recall_at_10_diff1": 0.165205,
        "nauc_recall_at_20_max": 0.192271,
        "nauc_recall_at_20_std": -0.149598,
        "nauc_recall_at_20_diff1": 0.134445,
        "nauc_recall_at_100_max": 0.102687,
        "nauc_recall_at_100_std": -0.11283,
        "nauc_recall_at_100_diff1": 0.086618,
        "nauc_recall_at_1000_max": 0.210929,
        "nauc_recall_at_1000_std": 0.055293,
        "nauc_recall_at_1000_diff1": 0.149003,
        "nauc_precision_at_1_max": 0.245536,
        "nauc_precision_at_1_std": -0.199087,
        "nauc_precision_at_1_diff1": 0.362835,
        "nauc_precision_at_3_max": 0.184453,
        "nauc_precision_at_3_std": -0.187288,
        "nauc_precision_at_3_diff1": 0.21715,
        "nauc_precision_at_5_max": 0.240577,
        "nauc_precision_at_5_std": -0.164506,
        "nauc_precision_at_5_diff1": 0.199211,
        "nauc_precision_at_10_max": 0.232052,
        "nauc_precision_at_10_std": -0.158201,
        "nauc_precision_at_10_diff1": 0.165205,
        "nauc_precision_at_20_max": 0.192271,
        "nauc_precision_at_20_std": -0.149598,
        "nauc_precision_at_20_diff1": 0.134445,
        "nauc_precision_at_100_max": 0.102687,
        "nauc_precision_at_100_std": -0.11283,
        "nauc_precision_at_100_diff1": 0.086618,
        "nauc_precision_at_1000_max": 0.210929,
        "nauc_precision_at_1000_std": 0.055293,
        "nauc_precision_at_1000_diff1": 0.149003,
        "nauc_mrr_at_1_max": 0.245536,
        "nauc_mrr_at_1_std": -0.199087,
        "nauc_mrr_at_1_diff1": 0.362835,
        "nauc_mrr_at_3_max": 0.210306,
        "nauc_mrr_at_3_std": -0.18928,
        "nauc_mrr_at_3_diff1": 0.277851,
        "nauc_mrr_at_5_max": 0.227845,
        "nauc_mrr_at_5_std": -0.181403,
        "nauc_mrr_at_5_diff1": 0.266377,
        "nauc_mrr_at_10_max": 0.225987,
        "nauc_mrr_at_10_std": -0.178401,
        "nauc_mrr_at_10_diff1": 0.253379,
        "nauc_mrr_at_20_max": 0.220457,
        "nauc_mrr_at_20_std": -0.1775,
        "nauc_mrr_at_20_diff1": 0.247732,
        "nauc_mrr_at_100_max": 0.213605,
        "nauc_mrr_at_100_std": -0.174546,
        "nauc_mrr_at_100_diff1": 0.242358,
        "nauc_mrr_at_1000_max": 0.21409,
        "nauc_mrr_at_1000_std": -0.173242,
        "nauc_mrr_at_1000_diff1": 0.242887,
        "main_score": 0.07715,
        "hf_subset": "es",
        "languages": [
          "spa-Latn"
        ]
      }
    ]
  },
  "evaluation_time": 15.7190420627594,
  "kg_co2_emissions": null
}